john.doe@gmail.com,johndoe,Pass123!
jane.smith@gmail.com,janesmith,Pass123!
mike.brown@gmail.com,mikebrown,Pass123!
sarah.wilson@gmail.com,sarahwilson,Pass123!
david.miller@gmail.com,davidmiller,Pass123!
emma.davis@gmail.com,emmadavis,Pass123!
chris.evans@gmail.com,chrisevans,Pass123!
lisa.anderson@gmail.com,lisaanderson,Pass123!
kevin.martin@gmail.com,kevinmartin,Pass123!
amy.white@gmail.com,amywhite,Pass123!
brian.harris@gmail.com,brianharris,Pass123!
jessica.clark@gmail.com,jessicaclark,Pass123!
ryan.lewis@gmail.com,ryanlewis,Pass123!
olivia.walker@gmail.com,oliviawalker,Pass123!
daniel.young@gmail.com,danielyoung,Pass123!
sophia.king@gmail.com,sophiaking,Pass123!
matthew.wright@gmail.com,matthewwright,Pass123!
chloe.lopez@gmail.com,chloelopez,Pass123!
andrew.hill@gmail.com,andrewhill,Pass123!
natalie.scott@gmail.com,nataliescott,Pass123!
justin.green@gmail.com,justingreen,Pass123!
hannah.adams@gmail.com,hannahadams,Pass123!
brandon.baker@gmail.com,brandonbaker,Pass123!
victoria.gonzalez@gmail.com,victoriagonzalez,Pass123!
jason.nelson@gmail.com,jasonnelson,Pass123!
lauren.carter@gmail.com,laurencarter,Pass123!
eric.mitchell@gmail.com,ericmitchell,Pass123!
megan.perez@gmail.com,meganperez,Pass123!
taylor.roberts@gmail.com,taylorroberts,Pass123!
ashley.turner@gmail.com,ashleyturner,Pass123!
kyle.phillips@gmail.com,kylephillips,Pass123!
rachel.campbell@gmail.com,rachelcampbell,Pass123!
zachary.parker@gmail.com,zacharyparker,Pass123!
samantha.evans@gmail.com,samanthaevans,Pass123!
trevor.edwards@gmail.com,trevoredwards,Pass123!
madison.collins@gmail.com,madisoncollins,Pass123!
austin.stevens@gmail.com,austinstevens,Pass123!
kayla.sanchez@gmail.com,kaylasanchez,Pass123!
connor.morris@gmail.com,connormorris,Pass123!
brooke.rogers@gmail.com,brookerogers,Pass123!
jeremy.reed@gmail.com,jeremyreed,Pass123!
catherine.cook@gmail.com,catherinecook,Pass123!
tiffany.morgan@gmail.com,tiffanymorgan,Pass123!
sean.bell@gmail.com,seanbell,Pass123!
maria.murphy@gmail.com,mariamurphy,Pass123!
alex.cooper@gmail.com,alexcooper,Pass123!
stephanie.howard@gmail.com,stephaniehoward,Pass123!
patrick.ward@gmail.com,patrickward,Pass123!
courtney.cox@gmail.com,courtneycox,Pass123!
corey.james@gmail.com,coreyjames,Pass123!